box_type,model,mae,rmse,Week 1,Week 2,Week 3,Week 4
FB,GlobalRandomForest,7.568068181818182,9.271772809054763,81.89,82.155,82.45,82.465
LFV,GlobalRandomForest,7.568068181818182,9.271772809054763,80.77,82.065,77.93,77.45
LV,GlobalRandomForest,7.568068181818182,9.271772809054763,81.005,82.125,78.185,78.265
MFV,GlobalRandomForest,7.568068181818182,9.271772809054763,76.055,75.81,74.83,77.18
MV,GlobalRandomForest,7.568068181818182,9.271772809054763,79.655,78.625,78.07,78.47
SFV,GlobalRandomForest,7.568068181818182,9.271772809054763,85.85,85.98,84.665,83.325
SV,GlobalRandomForest,7.568068181818182,9.271772809054763,78.93,80.255,77.995,78.685
XSFV,GlobalRandomForest,7.568068181818182,9.271772809054763,79.185,78.57,79.725,78.305
