box_type,model,mae,rmse,Week 1,Week 2,Week 3,Week 4
FB,GlobalRandomForest,7.422800647759754,9.182030228722331,78.95637606692387,83.34409171098635,80.99279630386403,81.04287243130842
LFV,GlobalRandomForest,7.422800647759754,9.182030228722331,85.32379332551731,85.06399222875915,80.50328577272698,79.47868828597528
LV,GlobalRandomForest,7.422800647759754,9.182030228722331,82.48269059647284,84.41211580650972,79.19745394295045,79.83190070967747
MFV,GlobalRandomForest,7.422800647759754,9.182030228722331,76.5959251177264,75.44590210079755,75.25816209959437,80.69013632367817
MV,GlobalRandomForest,7.422800647759754,9.182030228722331,81.14062508701353,78.48947013689158,78.11685815680144,81.14435367476118
SFV,GlobalRandomForest,7.422800647759754,9.182030228722331,84.63438058177368,84.63438058177368,83.07964083062936,80.09653835213331
SV,GlobalRandomForest,7.422800647759754,9.182030228722331,81.38807879905171,83.88847087886154,76.39077691351929,77.55186052159178
XSFV,GlobalRandomForest,7.422800647759754,9.182030228722331,78.19359554570501,78.06426830621962,79.77193524012739,81.15901207748472
